"Model","Accuracy","Kappa"
"Random Forest",0.680473372781065,0.481749648622173
"SVM",0.630177514792899,0.415467625899281
