"Actual_Quality","RF_Accuracy","SVM_Accuracy","Count"
"5",0,0,1
"6",0,0,9
"4",0.75,0.6875,144
"7",0.702898550724638,0.615942028985507,138
"8",0.571428571428571,0.69047619047619,42
"3",0.25,0,4
