"Factor","Importance"
"alcohol",0.230823662059927
"sulphates",0.149089908109673
"volatile.acidity",0.115039972291888
"density",0.086048590029857
"total.sulfur.dioxide",0.072563410103614
"citric.acid",0.0638611436516524
"fixed.acidity",0.0531280540680035
"chlorides",0.039269819982886
"pH",0.0384344368727448
"free.sulfur.dioxide",0.0333088006633094
"residual.sugar",0.0188991591300278
